WT401080|Cargo Liners|||||||||||||||||||||787765572941||||||||159.95||115.00|||||||||||||||||||||||||||||||8.00|48.00|9.00|9.00|
WT401080|Cargo Liners|||||||||||||||||||||787765572941||||||||159.95||115.00|||||||||||||||||||||||||||||||8.00|48.00|9.00|9.00|
WT401415|Cargo Liners|||||||||||||||||||||787765360883||||||||174.95||129.00|||||||||||||||||||||||||||||||9.00|55.00|9.00|9.00|
WT401415|Cargo Liners|||||||||||||||||||||787765360883||||||||174.95||129.00|||||||||||||||||||||||||||||||9.00|55.00|9.00|9.00|
WT401434|Cargo Liners|||||||||||||||||||||787765891059||||||||139.95||99.00|||||||||||||||||||||||||||||||6.00|35.00|9.00|9.00|
WT401440|Cargo Liners|||||||||||||||||||||787765509299||||||||159.95||115.00|||||||||||||||||||||||||||||||8.00|48.00|9.00|9.00|
WT411415|Cargo Liners|||||||||||||||||||||787765675079||||||||174.95||129.00|||||||||||||||||||||||||||||||9.00|55.00|9.00|9.00|
WT411415|Cargo Liners|||||||||||||||||||||787765675079||||||||174.95||129.00|||||||||||||||||||||||||||||||9.00|55.00|9.00|9.00|
WT411440|Cargo Liners|||||||||||||||||||||787765834971||||||||159.95||115.00|||||||||||||||||||||||||||||||8.00|48.00|9.00|9.00|
WT421415|Cargo Liners|||||||||||||||||||||787765777704||||||||174.95||129.00|||||||||||||||||||||||||||||||9.00|55.00|9.00|9.00|
WT421415|Cargo Liners|||||||||||||||||||||787765777704||||||||174.95||129.00|||||||||||||||||||||||||||||||9.00|55.00|9.00|9.00|
WT421440|Cargo Liners|||||||||||||||||||||787765579131||||||||159.95||115.00|||||||||||||||||||||||||||||||8.00|48.00|9.00|9.00|
WT431440|Cargo Liners|||||||||||||||||||||787765689649||||||||159.95||115.00|||||||||||||||||||||||||||||||8.00|48.00|9.00|9.00|
WT401419|Cargo Liners|||||||||||||||||||||787765239271||||||||159.95||115.00|||||||||||||||||||||||||||||||8.00|48.00|9.00|9.00|
WT401419|Cargo Liners|||||||||||||||||||||787765239271||||||||159.95||115.00|||||||||||||||||||||||||||||||8.00|48.00|9.00|9.00|
WT401419|Cargo Liners|||||||||||||||||||||787765239271||||||||159.95||115.00|||||||||||||||||||||||||||||||8.00|48.00|9.00|9.00|
WT401419|Cargo Liners|||||||||||||||||||||787765239271||||||||159.95||115.00|||||||||||||||||||||||||||||||8.00|48.00|9.00|9.00|
WT401419|Cargo Liners|||||||||||||||||||||787765239271||||||||159.95||115.00|||||||||||||||||||||||||||||||8.00|48.00|9.00|9.00|
WT401419|Cargo Liners|||||||||||||||||||||787765239271||||||||159.95||115.00|||||||||||||||||||||||||||||||8.00|48.00|9.00|9.00|
WT401419|Cargo Liners|||||||||||||||||||||787765239271||||||||159.95||115.00|||||||||||||||||||||||||||||||8.00|48.00|9.00|9.00|
WT401419|Cargo Liners|||||||||||||||||||||787765239271||||||||159.95||115.00|||||||||||||||||||||||||||||||8.00|48.00|9.00|9.00|
WT401419|Cargo Liners|||||||||||||||||||||787765239271||||||||159.95||115.00|||||||||||||||||||||||||||||||8.00|48.00|9.00|9.00|
WT401419|Cargo Liners|||||||||||||||||||||787765239271||||||||159.95||115.00|||||||||||||||||||||||||||||||8.00|48.00|9.00|9.00|
WT401419|Cargo Liners|||||||||||||||||||||787765239271||||||||159.95||115.00|||||||||||||||||||||||||||||||8.00|48.00|9.00|9.00|
WT401419|Cargo Liners|||||||||||||||||||||787765239271||||||||159.95||115.00|||||||||||||||||||||||||||||||8.00|48.00|9.00|9.00|
WT401419|Cargo Liners|||||||||||||||||||||787765239271||||||||159.95||115.00|||||||||||||||||||||||||||||||8.00|48.00|9.00|9.00|
WT401419|Cargo Liners|||||||||||||||||||||787765239271||||||||159.95||115.00|||||||||||||||||||||||||||||||8.00|48.00|9.00|9.00|
WT401439|Cargo Liners|||||||||||||||||||||787765555388||||||||174.95||129.00|||||||||||||||||||||||||||||||9.00|55.00|9.00|9.00|
WT431439|Cargo Liners|||||||||||||||||||||787765813884||||||||174.95||129.00|||||||||||||||||||||||||||||||9.00|55.00|9.00|9.00|
WT401437|Cargo Liners|||||||||||||||||||||787765291293||||||||159.95||115.00|||||||||||||||||||||||||||||||8.00|48.00|9.00|9.00|
WT401438|Cargo Liners|||||||||||||||||||||787765582216||||||||174.95||129.00|||||||||||||||||||||||||||||||9.00|55.00|9.00|9.00|
WT411327|Cargo Liners|||||||||||||||||||||787765674065||||||||174.95||129.00|||||||||||||||||||||||||||||||9.00|55.00|9.00|9.00|
WT411327|Cargo Liners|||||||||||||||||||||787765674065||||||||174.95||129.00|||||||||||||||||||||||||||||||9.00|55.00|9.00|9.00|
WT411437|Cargo Liners|||||||||||||||||||||787765548410||||||||159.95||115.00|||||||||||||||||||||||||||||||8.00|48.00|9.00|9.00|
WT411438|Cargo Liners|||||||||||||||||||||787765761369||||||||174.95||129.00|||||||||||||||||||||||||||||||9.00|55.00|9.00|9.00|
WT421327|Cargo Liners|||||||||||||||||||||787765466103||||||||174.95||129.00|||||||||||||||||||||||||||||||9.00|55.00|9.00|9.00|
WT421327|Cargo Liners|||||||||||||||||||||787765466103||||||||174.95||129.00|||||||||||||||||||||||||||||||9.00|55.00|9.00|9.00|
WT421437|Cargo Liners|||||||||||||||||||||787765735254||||||||159.95||115.00|||||||||||||||||||||||||||||||8.00|48.00|9.00|9.00|
WT421438|Cargo Liners|||||||||||||||||||||787765623070||||||||174.95||129.00|||||||||||||||||||||||||||||||9.00|55.00|9.00|9.00|
WT431327|Cargo Liners|||||||||||||||||||||787765353748||||||||174.95||129.00|||||||||||||||||||||||||||||||9.00|55.00|9.00|9.00|
WT431327|Cargo Liners|||||||||||||||||||||787765353748||||||||174.95||129.00|||||||||||||||||||||||||||||||9.00|55.00|9.00|9.00|
WT431437|Cargo Liners|||||||||||||||||||||787765748834||||||||159.95||115.00|||||||||||||||||||||||||||||||8.00|48.00|9.00|9.00|
WT431438|Cargo Liners|||||||||||||||||||||787765319010||||||||174.95||129.00|||||||||||||||||||||||||||||||9.00|55.00|9.00|9.00|
WT401415SK|Cargo With Bumper Protector|||||||||||||||||||||787765720403||||||||224.95||179.00|||||||||||||||||||||||||||||||10.00|55.00|9.00|9.00|
WT401415SK|Cargo With Bumper Protector|||||||||||||||||||||787765720403||||||||224.95||179.00|||||||||||||||||||||||||||||||10.00|55.00|9.00|9.00|
WT401440SK|Cargo With Bumper Protector|||||||||||||||||||||787765994965||||||||209.95||165.00|||||||||||||||||||||||||||||||9.00|48.00|9.00|9.00|
WT411415SK|Cargo With Bumper Protector|||||||||||||||||||||787765554282||||||||224.95||179.00|||||||||||||||||||||||||||||||10.00|55.00|9.00|9.00|
WT411415SK|Cargo With Bumper Protector|||||||||||||||||||||787765554282||||||||224.95||179.00|||||||||||||||||||||||||||||||10.00|55.00|9.00|9.00|
WT411440SK|Cargo With Bumper Protector|||||||||||||||||||||787765786614||||||||209.95||165.00|||||||||||||||||||||||||||||||9.00|48.00|9.00|9.00|
WT421415SK|Cargo With Bumper Protector|||||||||||||||||||||787765686235||||||||224.95||179.00|||||||||||||||||||||||||||||||10.00|55.00|9.00|9.00|
WT421415SK|Cargo With Bumper Protector|||||||||||||||||||||787765686235||||||||224.95||179.00|||||||||||||||||||||||||||||||10.00|55.00|9.00|9.00|
WT421440SK|Cargo With Bumper Protector|||||||||||||||||||||787765605274||||||||209.95||165.00|||||||||||||||||||||||||||||||9.00|48.00|9.00|9.00|
WT431440SK|Cargo With Bumper Protector|||||||||||||||||||||787765670579||||||||209.95||165.00|||||||||||||||||||||||||||||||9.00|48.00|9.00|9.00|
WT401439SK|Cargo With Bumper Protector|||||||||||||||||||||787765551021||||||||224.95||179.00|||||||||||||||||||||||||||||||10.00|55.00|9.00|9.00|
WT431439SK|Cargo With Bumper Protector|||||||||||||||||||||787765531054||||||||224.95||179.00|||||||||||||||||||||||||||||||10.00|55.00|9.00|9.00|
WT401437SK|Cargo With Bumper Protector|||||||||||||||||||||787765314169||||||||209.95||165.00|||||||||||||||||||||||||||||||9.00|48.00|9.00|9.00|
WT401438SK|Cargo With Bumper Protector|||||||||||||||||||||787765432764||||||||224.95||179.00|||||||||||||||||||||||||||||||10.00|55.00|9.00|9.00|
WT411437SK|Cargo With Bumper Protector|||||||||||||||||||||787765520058||||||||209.95||165.00|||||||||||||||||||||||||||||||9.00|48.00|9.00|9.00|
WT411438SK|Cargo With Bumper Protector|||||||||||||||||||||787765594066||||||||224.95||179.00|||||||||||||||||||||||||||||||10.00|55.00|9.00|9.00|
WT421437SK|Cargo With Bumper Protector|||||||||||||||||||||787765458849||||||||209.95||165.00|||||||||||||||||||||||||||||||9.00|48.00|9.00|9.00|
WT421438SK|Cargo With Bumper Protector|||||||||||||||||||||787765300667||||||||224.95||179.00|||||||||||||||||||||||||||||||10.00|55.00|9.00|9.00|
WT431437SK|Cargo With Bumper Protector|||||||||||||||||||||787765893046||||||||209.95||165.00|||||||||||||||||||||||||||||||9.00|48.00|9.00|9.00|
WT431438SK|Cargo With Bumper Protector|||||||||||||||||||||787765428965||||||||224.95||179.00|||||||||||||||||||||||||||||||10.00|55.00|9.00|9.00|
WT4416591|Front FloorLiner|||||||||||||||||||||787765640251||||||||159.95||120.00|||||||||||||||||||||||||||||||8.00|5.00|30.50|25.50|
WT4516591|Front FloorLiner|||||||||||||||||||||787765806916||||||||159.95||120.00|||||||||||||||||||||||||||||||8.00|5.00|30.50|25.50|
WT4716591|Front FloorLiner|||||||||||||||||||||787765477260||||||||159.95||120.00|||||||||||||||||||||||||||||||8.00|5.00|30.50|25.50|
WT4416781|Front FloorLiner|||||||||||||||||||||787765843904||||||||159.95||120.00|||||||||||||||||||||||||||||||8.00|5.00|30.50|25.50|
WT4416781|Front FloorLiner|||||||||||||||||||||787765843904||||||||159.95||120.00|||||||||||||||||||||||||||||||8.00|5.00|30.50|25.50|
WT4616781|Front FloorLiner|||||||||||||||||||||787765316507||||||||159.95||120.00|||||||||||||||||||||||||||||||8.00|5.00|30.50|25.50|
WT4616781|Front FloorLiner|||||||||||||||||||||787765316507||||||||159.95||120.00|||||||||||||||||||||||||||||||8.00|5.00|30.50|25.50|
WT4416592|Rear FloorLiner|||||||||||||||||||||787765385718||||||||115.95||92.00|||||||||||||||||||||||||||||||5.00|5.00|30.50|25.50|
WT4416693|Rear FloorLiner|||||||||||||||||||||787765599719||||||||115.95||92.00|||||||||||||||||||||||||||||||5.00|5.00|30.50|25.50|
WT4516592|Rear FloorLiner|||||||||||||||||||||787765813891||||||||115.95||92.00|||||||||||||||||||||||||||||||5.00|5.00|30.50|25.50|
WT4516693|Rear FloorLiner|||||||||||||||||||||787765743822||||||||115.95||92.00|||||||||||||||||||||||||||||||5.00|5.00|30.50|25.50|
WT4616693|Rear FloorLiner|||||||||||||||||||||787765417136||||||||115.95||92.00|||||||||||||||||||||||||||||||5.00|5.00|30.50|25.50|
WT4716592|Rear FloorLiner|||||||||||||||||||||787765519762||||||||115.95||92.00|||||||||||||||||||||||||||||||5.00|5.00|30.50|25.50|
WT4716693|Rear FloorLiner|||||||||||||||||||||787765438438||||||||115.95||92.00|||||||||||||||||||||||||||||||5.00|5.00|30.50|25.50|
WT4416782|Rear FloorLiner|||||||||||||||||||||787765661393||||||||115.95||92.00|||||||||||||||||||||||||||||||5.00|5.00|30.50|25.50|
WT4616782|Rear FloorLiner|||||||||||||||||||||787765782272||||||||115.95||92.00|||||||||||||||||||||||||||||||5.00|5.00|30.50|25.50|
WT4416523|Rear FloorLiner|||||||||||||||||||||787765878074||||||||115.95||92.00|||||||||||||||||||||||||||||||5.00|5.00|30.50|25.50|
WT4616523|Rear FloorLiner|||||||||||||||||||||787765844529||||||||115.95||92.00|||||||||||||||||||||||||||||||5.00|5.00|30.50|25.50|
WT4416361V|Front FloorLiner for Vinyl Floors|||||||||||||||||||||787765797726||||||||189.95||150.00|||||||||||||||||||||||||||||||8.00|5.00|30.50|25.50|
WT444331IM|Front FloorLiner HP|||||||||||||||||||||787765633840||||||||174.95||130.00|||||||||||||||||||||||||||||||6.85|5.00|31.00|25.50|
WT444331IM|Front FloorLiner HP|||||||||||||||||||||787765633840||||||||174.95||130.00|||||||||||||||||||||||||||||||6.85|5.00|31.00|25.50|
WT448671IM|Front FloorLiner HP|||||||||||||||||||||787765813334||||||||174.95||130.00|||||||||||||||||||||||||||||||6.85|5.00|31.00|25.50|
WT454331IM|Front FloorLiner HP|||||||||||||||||||||787765654227||||||||174.95||130.00|||||||||||||||||||||||||||||||6.85|5.00|31.00|25.50|
WT454331IM|Front FloorLiner HP|||||||||||||||||||||787765654227||||||||174.95||130.00|||||||||||||||||||||||||||||||6.85|5.00|31.00|25.50|
WT464331IM|Front FloorLiner HP|||||||||||||||||||||787765161404||||||||174.95||130.00|||||||||||||||||||||||||||||||6.85|5.00|31.00|25.50|
WT464331IM|Front FloorLiner HP|||||||||||||||||||||787765161404||||||||174.95||130.00|||||||||||||||||||||||||||||||6.85|5.00|31.00|25.50|
WT468671IM|Front FloorLiner HP|||||||||||||||||||||787765339056||||||||174.95||130.00|||||||||||||||||||||||||||||||6.85|5.00|31.00|25.50|
WT474331IM|Front FloorLiner HP|||||||||||||||||||||787765797627||||||||174.95||130.00|||||||||||||||||||||||||||||||6.85|5.00|31.00|25.50|
WT474331IM|Front FloorLiner HP|||||||||||||||||||||787765797627||||||||174.95||130.00|||||||||||||||||||||||||||||||6.85|5.00|31.00|25.50|
WT478671IM|Front FloorLiner HP|||||||||||||||||||||787765254328||||||||174.95||130.00|||||||||||||||||||||||||||||||6.85|5.00|31.00|25.50|
WT4415871IM|Front FloorLiner HP|||||||||||||||||||||787765140805||||||||174.95||130.00|||||||||||||||||||||||||||||||6.85|5.00|31.00|25.50|
WT4515871IM|Front FloorLiner HP|||||||||||||||||||||787765879958||||||||174.95||130.00|||||||||||||||||||||||||||||||6.85|5.00|31.00|25.50|
WT4615871IM|Front FloorLiner HP|||||||||||||||||||||787765743433||||||||174.95||130.00|||||||||||||||||||||||||||||||6.85|5.00|31.00|25.50|
WT440937IM|Rear FloorLiner HP|||||||||||||||||||||787765300797||||||||139.95||110.00|||||||||||||||||||||||||||||||8.40|5.50|25.75|32.50|
WT443052IM|Rear FloorLiner HP|||||||||||||||||||||787765436380||||||||149.95||124.00|||||||||||||||||||||||||||||||11.65|5.50|25.75|32.50|
WT443052IM|Rear FloorLiner HP|||||||||||||||||||||787765436380||||||||149.95||124.00|||||||||||||||||||||||||||||||11.65|5.50|25.75|32.50|
WT443053IM|Rear FloorLiner HP|||||||||||||||||||||787765723992||||||||149.95||124.00|||||||||||||||||||||||||||||||11.65|5.50|25.75|32.50|
WT443053IM|Rear FloorLiner HP|||||||||||||||||||||787765723992||||||||149.95||124.00|||||||||||||||||||||||||||||||11.65|5.50|25.75|32.50|
WT450937IM|Rear FloorLiner HP|||||||||||||||||||||787765398992||||||||139.95||110.00|||||||||||||||||||||||||||||||8.40|5.50|25.75|32.50|
WT453052IM|Rear FloorLiner HP|||||||||||||||||||||787765637923||||||||149.95||124.00|||||||||||||||||||||||||||||||11.65|5.50|25.75|32.50|
WT453052IM|Rear FloorLiner HP|||||||||||||||||||||787765637923||||||||149.95||124.00|||||||||||||||||||||||||||||||11.65|5.50|25.75|32.50|
WT453053IM|Rear FloorLiner HP|||||||||||||||||||||787765653824||||||||149.95||124.00|||||||||||||||||||||||||||||||11.65|5.50|25.75|32.50|
WT453053IM|Rear FloorLiner HP|||||||||||||||||||||787765653824||||||||149.95||124.00|||||||||||||||||||||||||||||||11.65|5.50|25.75|32.50|
WT460937IM|Rear FloorLiner HP|||||||||||||||||||||787765473538||||||||139.95||110.00|||||||||||||||||||||||||||||||8.40|5.50|25.75|32.50|
WT463052IM|Rear FloorLiner HP|||||||||||||||||||||787765883481||||||||149.95||124.00|||||||||||||||||||||||||||||||11.65|5.50|25.75|32.50|
WT463052IM|Rear FloorLiner HP|||||||||||||||||||||787765883481||||||||149.95||124.00|||||||||||||||||||||||||||||||11.65|5.50|25.75|32.50|
WT463053IM|Rear FloorLiner HP|||||||||||||||||||||787765546720||||||||149.95||124.00|||||||||||||||||||||||||||||||11.65|5.50|25.75|32.50|
WT463053IM|Rear FloorLiner HP|||||||||||||||||||||787765546720||||||||149.95||124.00|||||||||||||||||||||||||||||||11.65|5.50|25.75|32.50|
WT470937IM|Rear FloorLiner HP|||||||||||||||||||||787765358750||||||||139.95||110.00|||||||||||||||||||||||||||||||8.40|5.50|25.75|32.50|
WT473052IM|Rear FloorLiner HP|||||||||||||||||||||787765140669||||||||149.95||124.00|||||||||||||||||||||||||||||||11.65|5.50|25.75|32.50|
WT473052IM|Rear FloorLiner HP|||||||||||||||||||||787765140669||||||||149.95||124.00|||||||||||||||||||||||||||||||11.65|5.50|25.75|32.50|
WT473053IM|Rear FloorLiner HP|||||||||||||||||||||787765305624||||||||149.95||124.00|||||||||||||||||||||||||||||||11.65|5.50|25.75|32.50|
WT473053IM|Rear FloorLiner HP|||||||||||||||||||||787765305624||||||||149.95||124.00|||||||||||||||||||||||||||||||11.65|5.50|25.75|32.50|
WT4415872IM|Rear FloorLiner HP|||||||||||||||||||||787765247825||||||||139.95||110.00|||||||||||||||||||||||||||||||8.40|5.50|25.75|32.50|
WT4515872IM|Rear FloorLiner HP|||||||||||||||||||||787765613682||||||||139.95||110.00|||||||||||||||||||||||||||||||8.40|5.50|25.75|32.50|
WT4615872IM|Rear FloorLiner HP|||||||||||||||||||||787765952880||||||||139.95||110.00|||||||||||||||||||||||||||||||8.40|5.50|25.75|32.50|
WTW516|Front Rubber Mats|||||||||||||||||||||787765155922||||||||84.95||68.00|||||||||||||||||||||||||||||||9.50|34.50|21.50|1.50|
WTW516|Front Rubber Mats|||||||||||||||||||||787765155922||||||||84.95||68.00|||||||||||||||||||||||||||||||9.50|34.50|21.50|1.50|
WTW516CO|Front Rubber Mats|||||||||||||||||||||787765359795||||||||84.95||68.00|||||||||||||||||||||||||||||||9.50|34.50|21.50|1.50|
WTW516CO|Front Rubber Mats|||||||||||||||||||||787765359795||||||||84.95||68.00|||||||||||||||||||||||||||||||9.50|34.50|21.50|1.50|
WTW516GR|Front Rubber Mats|||||||||||||||||||||787765743808||||||||84.95||68.00|||||||||||||||||||||||||||||||9.50|34.50|21.50|1.50|
WTW516GR|Front Rubber Mats|||||||||||||||||||||787765743808||||||||84.95||68.00|||||||||||||||||||||||||||||||9.50|34.50|21.50|1.50|
WTW516TN|Front Rubber Mats|||||||||||||||||||||787765433662||||||||84.95||68.00|||||||||||||||||||||||||||||||9.50|34.50|21.50|1.50|
WTW516TN|Front Rubber Mats|||||||||||||||||||||787765433662||||||||84.95||68.00|||||||||||||||||||||||||||||||9.50|34.50|21.50|1.50|
WTW580|Front Rubber Mats|||||||||||||||||||||787765328937||||||||74.95||60.00|||||||||||||||||||||||||||||||9.50|34.50|21.50|1.50|
WTW580CO|Front Rubber Mats|||||||||||||||||||||787765516730||||||||74.95||60.00|||||||||||||||||||||||||||||||9.50|34.50|21.50|1.50|
WTW580GR|Front Rubber Mats|||||||||||||||||||||787765670081||||||||74.95||60.00|||||||||||||||||||||||||||||||9.50|34.50|21.50|1.50|
WTW580TN|Front Rubber Mats|||||||||||||||||||||787765297837||||||||74.95||60.00|||||||||||||||||||||||||||||||9.50|34.50|21.50|1.50|
WT80957|Front Side Window Deflectors|||||||||||||||||||||787765829588||||||||98.95||69.00|||||||||||||||||||||||||||||||3.00|2.00|47.00|13.00|
WT55193|Hood Protector|||||||||||||||||||||787765474559||||||||124.95||98.00|||||||||||||||||||||||||||||||4.80|12.00|70.00|12.00|
WT55193|Hood Protector|||||||||||||||||||||787765474559||||||||124.95||98.00|||||||||||||||||||||||||||||||4.80|12.00|70.00|12.00|
WT55192|Hood Protector|||||||||||||||||||||787765601344||||||||124.95||98.00|||||||||||||||||||||||||||||||4.80|12.00|70.00|12.00|
WT55192|Hood Protector|||||||||||||||||||||787765601344||||||||124.95||98.00|||||||||||||||||||||||||||||||4.80|12.00|70.00|12.00|
WTLG1449|LampGard|||||||||||||||||||||787765417525||||||||79.95||58.00|||||||||||||||||||||||||||||||1.00|24.50|15.50|0.50|
WTLG1488|LampGard|||||||||||||||||||||787765293280||||||||79.95||58.00|||||||||||||||||||||||||||||||1.00|24.50|15.50|0.50|
WTLG1562|LampGard|||||||||||||||||||||787765837491||||||||79.95||58.00|||||||||||||||||||||||||||||||1.00|24.50|15.50|0.50|
WTLG0526|LampGard|||||||||||||||||||||787765683500||||||||79.95||58.00|||||||||||||||||||||||||||||||1.00|24.50|15.50|0.50|
WTLG0930|LampGard|||||||||||||||||||||787765956475||||||||64.95||45.00|||||||||||||||||||||||||||||||1.00|24.50|15.50|0.50|
WTLG0930|LampGard|||||||||||||||||||||787765956475||||||||64.95||45.00|||||||||||||||||||||||||||||||1.00|24.50|15.50|0.50|
WTLG0930|LampGard|||||||||||||||||||||787765956475||||||||64.95||45.00|||||||||||||||||||||||||||||||1.00|24.50|15.50|0.50|
WTLG0930|LampGard|||||||||||||||||||||787765956475||||||||64.95||45.00|||||||||||||||||||||||||||||||1.00|24.50|15.50|0.50|
WTLG0930|LampGard|||||||||||||||||||||787765956475||||||||64.95||45.00|||||||||||||||||||||||||||||||1.00|24.50|15.50|0.50|
WTLG0930|LampGard|||||||||||||||||||||787765956475||||||||64.95||45.00|||||||||||||||||||||||||||||||1.00|24.50|15.50|0.50|
WTLG1487|LampGard|||||||||||||||||||||787765895354||||||||79.95||58.00|||||||||||||||||||||||||||||||1.00|24.50|15.50|0.50|
WTLG1497|LampGard|||||||||||||||||||||787765644600||||||||79.95||58.00|||||||||||||||||||||||||||||||1.00|24.50|15.50|0.50|
WTLG1518|LampGard|||||||||||||||||||||787765213981||||||||79.95||58.00|||||||||||||||||||||||||||||||1.00|24.50|15.50|0.50|
WTLG1568|LampGard|||||||||||||||||||||787765344654||||||||79.95||58.00|||||||||||||||||||||||||||||||1.00|24.50|15.50|0.50|
WTLG1545|LampGard|||||||||||||||||||||787765190251||||||||79.95||58.00|||||||||||||||||||||||||||||||1.00|24.50|15.50|0.50|
WTLG1555|LampGard|||||||||||||||||||||787765404280||||||||79.95||58.00|||||||||||||||||||||||||||||||1.00|24.50|15.50|0.50|
WTLG1564|LampGard|||||||||||||||||||||787765386371||||||||79.95||58.00|||||||||||||||||||||||||||||||1.00|24.50|15.50|0.50|
WTLG1564|LampGard|||||||||||||||||||||787765386371||||||||79.95||58.00|||||||||||||||||||||||||||||||1.00|24.50|15.50|0.50|
WTMF110133|No Drill MudFlaps|||||||||||||||||||||787765962759||||||||64.95||45.00|||||||||||||||||||||||||||||||3.00|4.00|19.00|13.00|
WTMF120133|No Drill MudFlaps|||||||||||||||||||||787765637541||||||||64.95||45.00|||||||||||||||||||||||||||||||3.00|4.00|19.00|13.00|
WTSP0540|Scratch Protection|||||||||||||||||||||787765181693||||||||149.95||99.00|||||||||||||||||||||||||||||||1.00|4.25|7.50|4.25|
WTSP0541|Scratch Protection|||||||||||||||||||||787765181693||||||||134.95||94.00|||||||||||||||||||||||||||||||1.00|4.25|7.50|4.25|
WTSP0542|Scratch Protection|||||||||||||||||||||787765277082||||||||149.95||99.00|||||||||||||||||||||||||||||||1.00|4.25|7.50|4.25|
WTSP0577|Scratch Protection|||||||||||||||||||||787765624091||||||||134.95||94.00|||||||||||||||||||||||||||||||1.00|4.25|7.50|4.25|
WTSP0577|Scratch Protection|||||||||||||||||||||787765624091||||||||134.95||94.00|||||||||||||||||||||||||||||||1.00|4.25|7.50|4.25|
WTSP0578|Scratch Protection|||||||||||||||||||||787765808064||||||||134.95||94.00|||||||||||||||||||||||||||||||1.00|4.25|7.50|4.25|
WTSP0579|Scratch Protection|||||||||||||||||||||787765870290||||||||124.95||88.00|||||||||||||||||||||||||||||||1.00|4.25|7.50|4.25|
WTSP0592|Scratch Protection|||||||||||||||||||||787765896092||||||||149.95||99.00|||||||||||||||||||||||||||||||1.00|4.25|7.50|4.25|
WTSP0454|Scratch Protection|||||||||||||||||||||787765382274||||||||149.95||99.00|||||||||||||||||||||||||||||||1.00|4.25|7.50|4.25|
WTSP0580|Scratch Protection|||||||||||||||||||||787765426169||||||||134.95||94.00|||||||||||||||||||||||||||||||1.00|4.25|7.50|4.25|
WTSP0583|Scratch Protection|||||||||||||||||||||787765356374||||||||134.95||94.00|||||||||||||||||||||||||||||||1.00|4.25|7.50|4.25|
WTSP0587|Scratch Protection|||||||||||||||||||||787765341219||||||||134.95||94.00|||||||||||||||||||||||||||||||1.00|4.25|7.50|4.25|
WTSP0587|Scratch Protection|||||||||||||||||||||787765341219||||||||134.95||94.00|||||||||||||||||||||||||||||||1.00|4.25|7.50|4.25|
WTSP0588|Scratch Protection|||||||||||||||||||||787765999236||||||||134.95||94.00|||||||||||||||||||||||||||||||1.00|4.25|7.50|4.25|
WTSP0588|Scratch Protection|||||||||||||||||||||787765999236||||||||134.95||94.00|||||||||||||||||||||||||||||||1.00|4.25|7.50|4.25|
WTSP0588|Scratch Protection|||||||||||||||||||||787765999236||||||||134.95||94.00|||||||||||||||||||||||||||||||1.00|4.25|7.50|4.25|
WTSP0589|Scratch Protection|||||||||||||||||||||787765364331||||||||134.95||94.00|||||||||||||||||||||||||||||||1.00|4.25|7.50|4.25|
WTSP0571|Scratch Protection|||||||||||||||||||||787765675918||||||||134.95||94.00|||||||||||||||||||||||||||||||1.00|4.25|7.50|4.25|
WTSP0591|Scratch Protection|||||||||||||||||||||787765683012||||||||134.95||94.00|||||||||||||||||||||||||||||||1.00|4.25|7.50|4.25|
WTSP0594|Scratch Protection|||||||||||||||||||||787765329767||||||||134.95||94.00|||||||||||||||||||||||||||||||1.00|4.25|7.50|4.25|
WTSP0595|Scratch Protection|||||||||||||||||||||787765456036||||||||134.95||94.00|||||||||||||||||||||||||||||||1.00|4.25|7.50|4.25|
WTSP0596|Scratch Protection|||||||||||||||||||||787765391917||||||||149.95||99.00|||||||||||||||||||||||||||||||1.00|4.25|7.50|4.25|
WTSP0597|Scratch Protection|||||||||||||||||||||787765260596||||||||134.95||94.00|||||||||||||||||||||||||||||||1.00|4.25|7.50|4.25|
WTSP0599|Scratch Protection|||||||||||||||||||||787765838849||||||||149.95||99.00|||||||||||||||||||||||||||||||1.00|4.25|7.50|4.25|
WTSP0600|Scratch Protection|||||||||||||||||||||787765329972||||||||134.95||94.00|||||||||||||||||||||||||||||||1.00|4.25|7.50|4.25|
WTSP0602|Scratch Protection|||||||||||||||||||||787765784559||||||||149.95||99.00|||||||||||||||||||||||||||||||1.00|4.25|7.50|4.25|
WTSP0603|Scratch Protection|||||||||||||||||||||787765808859||||||||134.95||94.00|||||||||||||||||||||||||||||||1.00|4.25|7.50|4.25|
WTSP0604|Scratch Protection|||||||||||||||||||||787765301183||||||||149.95||99.00|||||||||||||||||||||||||||||||1.00|4.25|7.50|4.25|
WTSP0605|Scratch Protection|||||||||||||||||||||787765828208||||||||134.95||94.00|||||||||||||||||||||||||||||||1.00|4.25|7.50|4.25|
WT50286|Stone & Bug Deflector|||||||||||||||||||||787765958219||||||||124.95||98.00|||||||||||||||||||||||||||||||9.00|12.00|70.00|12.00|
WT50286|Stone & Bug Deflector|||||||||||||||||||||787765958219||||||||124.95||98.00|||||||||||||||||||||||||||||||9.00|12.00|70.00|12.00|
WT50284|Stone & Bug Deflector|||||||||||||||||||||787765447980||||||||124.95||98.00|||||||||||||||||||||||||||||||9.00|12.00|70.00|12.00|
WT50288|Stone & Bug Deflector|||||||||||||||||||||787765576604||||||||124.95||98.00|||||||||||||||||||||||||||||||9.00|12.00|70.00|12.00|
WT50289|Stone & Bug Deflector|||||||||||||||||||||787765289306||||||||124.95||98.00|||||||||||||||||||||||||||||||9.00|12.00|70.00|12.00|
WTTS1382|SunShade|||||||||||||||||||||787765368872||||||||84.95||65.35|||||||||||||||||||||||||||||||3.00|40.00|3.00|5.00|
WTTS1382|SunShade|||||||||||||||||||||787765368872||||||||84.95||65.35|||||||||||||||||||||||||||||||3.00|40.00|3.00|5.00|
WTTS1376|SunShade|||||||||||||||||||||787765427784||||||||84.95||65.35|||||||||||||||||||||||||||||||3.00|40.00|3.00|5.00|
WTTS1386|SunShade|||||||||||||||||||||787765797283||||||||84.95||65.35|||||||||||||||||||||||||||||||3.00|40.00|3.00|5.00|
WTTS1388|SunShade|||||||||||||||||||||787765802178||||||||84.95||65.35|||||||||||||||||||||||||||||||3.00|40.00|3.00|5.00|
WTTS1379|SunShade|||||||||||||||||||||787765786034||||||||84.95||65.35|||||||||||||||||||||||||||||||3.00|40.00|3.00|5.00|
WTTS1383|SunShade|||||||||||||||||||||787765288811||||||||84.95||65.35|||||||||||||||||||||||||||||||3.00|40.00|3.00|5.00|
WTTS1384|SunShade|||||||||||||||||||||787765169905||||||||84.95||65.35|||||||||||||||||||||||||||||||3.00|40.00|3.00|5.00|
WTTS1376K1|SunShade Full Vehicle Kit|||||||||||||||||||||787765437011||||||||199.95||149.25|||||||||||||||||||||||||||||||7.00|35.00|8.00|8.00|
WTTS1386K1|SunShade Full Vehicle Kit|||||||||||||||||||||787765435314||||||||199.95||149.25|||||||||||||||||||||||||||||||7.00|35.00|8.00|8.00|
WTTS0091K1|SunShade Full Vehicle Kit|||||||||||||||||||||787765862158||||||||177.95||131.87|||||||||||||||||||||||||||||||7.00|35.00|8.00|8.00|
WTTS1242K2|SunShade Full Vehicle Kit|||||||||||||||||||||787765310413||||||||214.95||157.94|||||||||||||||||||||||||||||||7.00|35.00|8.00|8.00|
WTTS1379K1|SunShade Full Vehicle Kit|||||||||||||||||||||787765676090||||||||199.95||149.25|||||||||||||||||||||||||||||||7.00|35.00|8.00|8.00|
WTTS1382K1|SunShade Full Vehicle Kit|||||||||||||||||||||787765996174||||||||199.95||149.25|||||||||||||||||||||||||||||||7.00|35.00|8.00|8.00|
WTTS1382K1|SunShade Full Vehicle Kit|||||||||||||||||||||787765996174||||||||199.95||149.25|||||||||||||||||||||||||||||||7.00|35.00|8.00|8.00|
WTTS1383K2|SunShade Full Vehicle Kit|||||||||||||||||||||787765646864||||||||199.95||149.25|||||||||||||||||||||||||||||||7.00|35.00|8.00|8.00|
WT39816|TechLiner|||||||||||||||||||||787765834766||||||||259.95||195.00|||||||||||||||||||||||||||||||16.00|6.50|85.00|6.50|
